[{"schemeId":1,"schemeName":"Default","adapterType":"trello","group":null,"active":true,"adapterMetadataList":[],"requestHeaders":[],"restTemplates":{"CREATE_RECORD":{"templateId":2,"operation":"CREATE_RECORD","httpVerb":"POST","restUrl":"/1/cards?fields=all","specifications":{"Request":{"specId":8,"type":"Request","adapterType":null,"specType":"JOLT","status":"Active","specification":"[\n  {\n    \"operation\": \"shift\",\n    \"spec\": {\n      \"fields\": {\n        \"*\": \"&\"\n      }\n    }\n  }\n]\n","samplePayload":"{\n  \"fields\": {\n    \"summary\": \"Test for API creation 2\",\n    \"description\": \"Test for API creation 2\",\n    \"priority\": \"1\",\n    \"modifiedTime\": \"01-04-2019 11:46:30.124\",\n    \"severity\": \"2\",\n    \"status\": \"Open\"\n  }\n}","contentAvailable":true,"statusCode":2},"Response":{"specId":7,"type":"Response","adapterType":null,"specType":"Groovy","status":"Active","specification":"class CAResponseResult {\n  String id;\n  Map fields;\n}\n\ndef jsonS = new groovy.json.JsonSlurper()\ndef card = jsonS.parseText(payload) as Map\n\n  def _record = new CAResponseResult();\n  _record.id = card.id;\n  def _fields = new HashMap();\n  \n  // Copy fields\n  for(Map.Entry<String,Object> cardField:card.entrySet()) {\n    if(cardField.value instanceof String) {\n      _fields.put(cardField.key,cardField.value)\n    }\n  }\n\n  // Copy custom fields\n  for(def cfield:card.customFieldItems) {\n    if(cfield.idValue!=null) {\n      _fields.put(cfield.idCustomField,cfield.idValue)\n    } else if(cfield.value != null && cfield.value instanceof Map) {\n      if(cfield.value.containsKey(\"text\"))\n        _fields.put(cfield.idCustomField,cfield.value.text)\n      else if(cfield.value.containsKey(\"number\"))\n        _fields.put(cfield.idCustomField,cfield.value.number)\n      else if(cfield.value.containsKey(\"date\"))\n        _fields.put(cfield.idCustomField,cfield.value.date)\n      else if(cfield.value.containsKey(\"checked\"))\n        _fields.put(cfield.idCustomField,cfield.value.checked)\n      }\n    }\n  _record.fields = _fields;\n \n\n\n\ngroovy.json.JsonOutput.toJson(_record)","samplePayload":"{\n    \"id\": \"6541305875b8f93db003d326\",\n    \"badges\": {\n        \"attachmentsByType\": {\n            \"trello\": {\n                \"board\": 0,\n                \"card\": 0\n            }\n        },\n        \"location\": false,\n        \"votes\": 0,\n        \"viewingMemberVoted\": false,\n        \"subscribed\": false,\n        \"fogbugz\": \"\",\n        \"checkItems\": 0,\n        \"checkItemsChecked\": 0,\n        \"checkItemsEarliestDue\": null,\n        \"comments\": 0,\n        \"attachments\": 0,\n        \"description\": true,\n        \"due\": null,\n        \"dueComplete\": false,\n        \"start\": null\n    },\n    \"checkItemStates\": [],\n    \"closed\": false,\n    \"dueComplete\": false,\n    \"dateLastActivity\": \"2023-10-31T16:50:32.092Z\",\n    \"desc\": \" Descritpion for the REST API CARD\",\n    \"descData\": {\n        \"emoji\": {}\n    },\n    \"due\": null,\n    \"dueReminder\": null,\n    \"email\": null,\n    \"idBoard\": \"613bc1fe71221b888c6a86e4\",\n    \"idChecklists\": [],\n    \"idList\": \"613bc210f437cb6056408c0a\",\n    \"idMembers\": [],\n    \"idMembersVoted\": [],\n    \"idShort\": 47,\n    \"idAttachmentCover\": null,\n    \"labels\": [],\n    \"idLabels\": [],\n    \"manualCoverAttachment\": false,\n    \"name\": \"Trello REST API CARD 2\",\n    \"pos\": 1753087,\n    \"shortLink\": \"PsSp7VWh\",\n    \"shortUrl\": \"https://trello.com/c/PsSp7VWh\",\n    \"start\": null,\n    \"subscribed\": false,\n    \"url\": \"https://trello.com/c/PsSp7VWh/47-trello-rest-api-card-2\",\n    \"cover\": {\n        \"idAttachment\": null,\n        \"color\": null,\n        \"idUploadedBackground\": null,\n        \"size\": \"normal\",\n        \"brightness\": \"dark\",\n        \"idPlugin\": null\n    },\n    \"isTemplate\": false,\n    \"cardRole\": null,\n    \"attachments\": [],\n    \"stickers\": [],\n    \"limits\": {}\n}","contentAvailable":true,"statusCode":2}}},"QUERY_RECORD_BY_ID":{"templateId":3,"operation":"QUERY_RECORD_BY_ID","httpVerb":"GET","restUrl":"/1/cards/${recordId}?fields=all&checkItemStates=false&checklists=all&checklist_fields=all&board=false&list=true&pluginData=false&customFieldItems=true","specifications":{"Request":{"specId":2,"type":"Request","adapterType":null,"specType":null,"status":"Active","specification":null,"samplePayload":null,"contentAvailable":false,"statusCode":2},"Response":{"specId":1,"type":"Response","adapterType":null,"specType":"Groovy","status":"Active","specification":"class CAResponseResult {\n  String id;\n  Map fields;\n}\n\ndef jsonS = new groovy.json.JsonSlurper()\ndef card = jsonS.parseText(payload) as Map\n\n  def _record = new CAResponseResult();\n  _record.id = card.id;\n  def _fields = new HashMap();\n  \n  // Copy fields\n  for(Map.Entry<String,Object> cardField:card.entrySet()) {\n    if(cardField.value instanceof String) {\n      _fields.put(cardField.key,cardField.value)\n    }\n  }\n\n  // Copy custom fields\n  for(def cfield:card.customFieldItems) {\n    if(cfield.idValue!=null) {\n      _fields.put(cfield.idCustomField,cfield.idValue)\n    } else if(cfield.value != null && cfield.value instanceof Map) {\n      if(cfield.value.containsKey(\"text\"))\n        _fields.put(cfield.idCustomField,cfield.value.text)\n      else if(cfield.value.containsKey(\"number\"))\n        _fields.put(cfield.idCustomField,cfield.value.number)\n      else if(cfield.value.containsKey(\"date\"))\n        _fields.put(cfield.idCustomField,cfield.value.date)\n      else if(cfield.value.containsKey(\"checked\"))\n        _fields.put(cfield.idCustomField,cfield.value.checked)\n      }\n    }\n  _record.fields = _fields;\n \n\n\n\ngroovy.json.JsonOutput.toJson(_record)","samplePayload":"{\n    \"id\": \"62b2fe9a62f7457969885e17\",\n    \"badges\": {\n        \"attachmentsByType\": {\n            \"trello\": {\n                \"board\": 0,\n                \"card\": 0\n            }\n        },\n        \"location\": false,\n        \"votes\": 0,\n        \"viewingMemberVoted\": false,\n        \"subscribed\": false,\n        \"fogbugz\": \"\",\n        \"checkItems\": 0,\n        \"checkItemsChecked\": 0,\n        \"checkItemsEarliestDue\": null,\n        \"comments\": 0,\n        \"attachments\": 1,\n        \"description\": true,\n        \"due\": null,\n        \"dueComplete\": false,\n        \"start\": null\n    },\n    \"checkItemStates\": [],\n    \"closed\": false,\n    \"dueComplete\": false,\n    \"dateLastActivity\": \"2022-06-22T11:37:00.066Z\",\n    \"desc\": \"test config ...\",\n    \"descData\": {\n        \"emoji\": {}\n    },\n    \"due\": null,\n    \"dueReminder\": null,\n    \"email\": null,\n    \"idBoard\": \"613bc1fe71221b888c6a86e4\",\n    \"idChecklists\": [],\n    \"idList\": \"613bc210f437cb6056408c0a\",\n    \"idMembers\": [],\n    \"idMembersVoted\": [],\n    \"idShort\": 46,\n    \"idAttachmentCover\": null,\n    \"labels\": [],\n    \"idLabels\": [],\n    \"manualCoverAttachment\": false,\n    \"name\": \"Test Config 4\",\n    \"pos\": 1736703,\n    \"shortLink\": \"COX5aBYp\",\n    \"shortUrl\": \"https://trello.com/c/COX5aBYp\",\n    \"start\": null,\n    \"subscribed\": false,\n    \"url\": \"https://trello.com/c/COX5aBYp/46-test-config-4\",\n    \"cover\": {\n        \"idAttachment\": null,\n        \"color\": null,\n        \"idUploadedBackground\": null,\n        \"size\": \"normal\",\n        \"brightness\": \"dark\",\n        \"idPlugin\": null\n    },\n    \"isTemplate\": false,\n    \"cardRole\": null\n}","contentAvailable":true,"statusCode":2}}},"UPDATE_RECORD":{"templateId":4,"operation":"UPDATE_RECORD","httpVerb":"PUT","restUrl":"/1/cards/${recordId}?fields=all","specifications":{"Request":{"specId":4,"type":"Request","adapterType":null,"specType":"JOLT","status":"Active","specification":"[\n  {\n    \"operation\": \"shift\",\n    \"spec\": {\n      \"fields\": {\n        \"*\": \"&\"\n      }\n    }\n  }\n]\n","samplePayload":"{\n  \"id\": \"TP-4\",\n  \"fields\": {\n    \"summary\": \"Test for API creation 2\",\n    \"description\": \"Test for API creation 2\",\n    \"assignee\": \"admin\",\n    \"priority\": \"1\",\n    \"reporter\": \"admin\"\n  }\n}","contentAvailable":true,"statusCode":2},"Response":{"specId":3,"type":"Response","adapterType":null,"specType":"Groovy","status":"Active","specification":"class CAResponseResult {\n  String id;\n  Map fields;\n}\n\ndef jsonS = new groovy.json.JsonSlurper()\ndef card = jsonS.parseText(payload) as Map\n\n  def _record = new CAResponseResult();\n  _record.id = card.id;\n  def _fields = new HashMap();\n  \n  // Copy fields\n  for(Map.Entry<String,Object> cardField:card.entrySet()) {\n    if(cardField.value instanceof String) {\n      _fields.put(cardField.key,cardField.value)\n    }\n  }\n\n  // Copy custom fields\n  for(def cfield:card.customFieldItems) {\n    if(cfield.idValue!=null) {\n      _fields.put(cfield.idCustomField,cfield.idValue)\n    } else if(cfield.value != null && cfield.value instanceof Map) {\n      if(cfield.value.containsKey(\"text\"))\n        _fields.put(cfield.idCustomField,cfield.value.text)\n      else if(cfield.value.containsKey(\"number\"))\n        _fields.put(cfield.idCustomField,cfield.value.number)\n      else if(cfield.value.containsKey(\"date\"))\n        _fields.put(cfield.idCustomField,cfield.value.date)\n      else if(cfield.value.containsKey(\"checked\"))\n        _fields.put(cfield.idCustomField,cfield.value.checked)\n      }\n    }\n  _record.fields = _fields;\n \n\n\n\ngroovy.json.JsonOutput.toJson(_record)","samplePayload":"{\n    \"id\": \"62b2fe9a62f7457969885e17\",\n    \"badges\": {\n        \"attachmentsByType\": {\n            \"trello\": {\n                \"board\": 0,\n                \"card\": 0\n            }\n        },\n        \"location\": false,\n        \"votes\": 0,\n        \"viewingMemberVoted\": false,\n        \"subscribed\": false,\n        \"fogbugz\": \"\",\n        \"checkItems\": 0,\n        \"checkItemsChecked\": 0,\n        \"checkItemsEarliestDue\": null,\n        \"comments\": 0,\n        \"attachments\": 1,\n        \"description\": true,\n        \"due\": null,\n        \"dueComplete\": false,\n        \"start\": null\n    },\n    \"checkItemStates\": [],\n    \"closed\": false,\n    \"dueComplete\": false,\n    \"dateLastActivity\": \"2023-10-31T16:54:49.005Z\",\n    \"desc\": \" Descritpion for the REST API CARD.1.2.1\",\n    \"descData\": {\n        \"emoji\": {}\n    },\n    \"due\": null,\n    \"dueReminder\": null,\n    \"email\": null,\n    \"idBoard\": \"613bc1fe71221b888c6a86e4\",\n    \"idChecklists\": [],\n    \"idList\": \"613bc210f437cb6056408c0a\",\n    \"idMembers\": [],\n    \"idMembersVoted\": [],\n    \"idShort\": 46,\n    \"idAttachmentCover\": null,\n    \"labels\": [],\n    \"idLabels\": [],\n    \"manualCoverAttachment\": false,\n    \"name\": \"Trello REST API CARD.2a.sharath\",\n    \"pos\": 1736703,\n    \"shortLink\": \"COX5aBYp\",\n    \"shortUrl\": \"https://trello.com/c/COX5aBYp\",\n    \"start\": null,\n    \"subscribed\": false,\n    \"url\": \"https://trello.com/c/COX5aBYp/46-trello-rest-api-card2asharath\",\n    \"cover\": {\n        \"idAttachment\": null,\n        \"color\": null,\n        \"idUploadedBackground\": null,\n        \"size\": \"normal\",\n        \"brightness\": \"dark\",\n        \"idPlugin\": null\n    },\n    \"isTemplate\": false,\n    \"cardRole\": null\n}","contentAvailable":true,"statusCode":2}}},"QUERY_MODIFIED_RECORDS":{"templateId":1,"operation":"QUERY_MODIFIED_RECORDS","httpVerb":"GET","restUrl":"/1/boards/${board}?cards=all&card_attachments=false&card_customFieldItems=true&card_modifiedSince=${last-modified-time}","specifications":{"Request":{"specId":6,"type":"Request","adapterType":null,"specType":null,"status":"Active","specification":null,"samplePayload":null,"contentAvailable":false,"statusCode":2},"Response":{"specId":5,"type":"Response","adapterType":null,"specType":"Groovy","status":"Active","specification":"class CAResponse {\n  int totalRecords;\n  List<CAResponseResult> result;\n}\nclass CAResponseResult {\n  String id;\n  Map fields;\n}\n\ndef jsonS = new groovy.json.JsonSlurper()\ndef appResponse = jsonS.parseText(payload) as Map\n\ndef _response = new CAResponse();\n_response.totalRecords = appResponse.cards.size();\n_resultArray = new ArrayList();\nfor(def card:appResponse.cards) {\n  def _record = new CAResponseResult();\n  _record.id = card.id;\n  def _fields = new HashMap();\n  \n  // Copy fields\n  for(Map.Entry<String,Object> cardField:card.entrySet()) {\n    if(cardField.value instanceof String) {\n      _fields.put(cardField.key,cardField.value)\n    }\n  }\n\n  // Copy custom fields\n  for(def cfield:card.customFieldItems) {\n    if(cfield.idValue!=null) {\n      _fields.put(cfield.idCustomField,cfield.idValue)\n    } else if(cfield.value != null && cfield.value instanceof Map) {\n      if(cfield.value.containsKey(\"text\"))\n        _fields.put(cfield.idCustomField,cfield.value.text)\n      else if(cfield.value.containsKey(\"number\"))\n        _fields.put(cfield.idCustomField,cfield.value.number)\n      else if(cfield.value.containsKey(\"date\"))\n        _fields.put(cfield.idCustomField,cfield.value.date)\n      else if(cfield.value.containsKey(\"checked\"))\n        _fields.put(cfield.idCustomField,cfield.value.checked)\n      }\n    }\n  _record.fields = _fields;\n  _resultArray.add(_record);\n  }\n_response.result = _resultArray\n\n\n\n\ngroovy.json.JsonOutput.toJson(_response)","samplePayload":"{\n    \"id\": \"5dd333e860a0156f4bd7a642\",\n    \"name\": \"Webinar Test\",\n    \"desc\": \"\",\n    \"descData\": null,\n    \"closed\": false,\n    \"idOrganization\": \"60b6d41318af855c20586859\",\n    \"idEnterprise\": null,\n    \"pinned\": false,\n    \"url\": \"https://trello.com/b/i4fQSyPQ/webinar-test\",\n    \"shortUrl\": \"https://trello.com/b/i4fQSyPQ\",\n    \"prefs\": {\n        \"permissionLevel\": \"private\",\n        \"hideVotes\": false,\n        \"voting\": \"disabled\",\n        \"comments\": \"members\",\n        \"invitations\": \"members\",\n        \"selfJoin\": false,\n        \"cardCovers\": true,\n        \"isTemplate\": false,\n        \"cardAging\": \"regular\",\n        \"calendarFeedEnabled\": false,\n        \"hiddenPluginBoardButtons\": [],\n        \"switcherViews\": [\n            {\n                \"viewType\": \"Board\",\n                \"enabled\": true\n            },\n            {\n                \"viewType\": \"Table\",\n                \"enabled\": true\n            },\n            {\n                \"viewType\": \"Calendar\",\n                \"enabled\": false\n            },\n            {\n                \"viewType\": \"Dashboard\",\n                \"enabled\": false\n            },\n            {\n                \"viewType\": \"Timeline\",\n                \"enabled\": false\n            },\n            {\n                \"viewType\": \"Map\",\n                \"enabled\": false\n            }\n        ],\n        \"background\": \"blue\",\n        \"backgroundColor\": \"#0079BF\",\n        \"backgroundImage\": null,\n        \"backgroundImageScaled\": null,\n        \"backgroundTile\": false,\n        \"backgroundBrightness\": \"dark\",\n        \"backgroundBottomColor\": \"#0079BF\",\n        \"backgroundTopColor\": \"#0079BF\",\n        \"canBePublic\": true,\n        \"canBeEnterprise\": true,\n        \"canBeOrg\": true,\n        \"canBePrivate\": true,\n        \"canInvite\": true\n    },\n    \"labelNames\": {\n        \"green\": \"\",\n        \"yellow\": \"\",\n        \"orange\": \"\",\n        \"red\": \"\",\n        \"purple\": \"\",\n        \"blue\": \"\",\n        \"sky\": \"\",\n        \"lime\": \"\",\n        \"pink\": \"\",\n        \"black\": \"\",\n        \"green_dark\": \"\",\n        \"yellow_dark\": \"\",\n        \"orange_dark\": \"\",\n        \"red_dark\": \"\",\n        \"purple_dark\": \"\",\n        \"blue_dark\": \"\",\n        \"sky_dark\": \"\",\n        \"lime_dark\": \"\",\n        \"pink_dark\": \"\",\n        \"black_dark\": \"\",\n        \"green_light\": \"\",\n        \"yellow_light\": \"\",\n        \"orange_light\": \"\",\n        \"red_light\": \"\",\n        \"purple_light\": \"\",\n        \"blue_light\": \"\",\n        \"sky_light\": \"\",\n        \"lime_light\": \"\",\n        \"pink_light\": \"\",\n        \"black_light\": \"\"\n    },\n    \"cards\": [\n        {\n            \"id\": \"5dd3358e2b79961a35488378\",\n            \"badges\": {\n                \"attachmentsByType\": {\n                    \"trello\": {\n                        \"board\": 0,\n                        \"card\": 0\n                    }\n                },\n                \"location\": false,\n                \"votes\": 0,\n                \"viewingMemberVoted\": false,\n                \"subscribed\": false,\n                \"fogbugz\": \"\",\n                \"checkItems\": 0,\n                \"checkItemsChecked\": 0,\n                \"comments\": 0,\n                \"attachments\": 0,\n                \"description\": true,\n                \"due\": \"2019-11-19T20:00:00.000Z\",\n                \"dueComplete\": false,\n                \"checkItemsEarliestDue\": null,\n                \"start\": null\n            },\n            \"checkItemStates\": [],\n            \"closed\": false,\n            \"dueComplete\": false,\n            \"dateLastActivity\": \"2023-10-31T18:11:43.817Z\",\n            \"desc\": \"Test Record.. Synch againasdfa\\n\",\n            \"descData\": {\n                \"emoji\": {}\n            },\n            \"due\": \"2019-11-19T20:00:00.000Z\",\n            \"dueReminder\": 1440,\n            \"email\": null,\n            \"idBoard\": \"5dd333e860a0156f4bd7a642\",\n            \"idChecklists\": [],\n            \"idList\": \"5dd3340ce51d2e1893b8ef7e\",\n            \"idMembers\": [],\n            \"idMembersVoted\": [],\n            \"idShort\": 1,\n            \"idAttachmentCover\": null,\n            \"labels\": [],\n            \"idLabels\": [],\n            \"manualCoverAttachment\": false,\n            \"name\": \"Test Record 1.\",\n            \"pos\": 65535,\n            \"shortLink\": \"PTzLAWE3\",\n            \"shortUrl\": \"https://trello.com/c/PTzLAWE3\",\n            \"start\": null,\n            \"subscribed\": false,\n            \"url\": \"https://trello.com/c/PTzLAWE3/1-test-record-1\",\n            \"cover\": {\n                \"idAttachment\": null,\n                \"color\": null,\n                \"idUploadedBackground\": null,\n                \"size\": \"normal\",\n                \"brightness\": \"light\",\n                \"idPlugin\": null\n            },\n            \"isTemplate\": false,\n            \"cardRole\": null,\n            \"customFieldItems\": [\n                {\n                    \"id\": \"5dd335c46e39355b87eb8267\",\n                    \"value\": null,\n                    \"idValue\": \"5dd3358357e6280dc247628e\",\n                    \"idCustomField\": \"5dd3358357e6280dc247628b\",\n                    \"idModel\": \"5dd3358e2b79961a35488378\",\n                    \"modelType\": \"card\"\n                },\n                {\n                    \"id\": \"5dd335c26f64bf652a69859b\",\n                    \"value\": {\n                        \"number\": \"7\"\n                    },\n                    \"idValue\": null,\n                    \"idCustomField\": \"5dd3355df5a3a60897f18d2d\",\n                    \"idModel\": \"5dd3358e2b79961a35488378\",\n                    \"modelType\": \"card\"\n                },\n                {\n                    \"id\": \"5dd335bbe990995a5ff6ce0d\",\n                    \"value\": {\n                        \"date\": \"2019-11-18T20:00:00.000Z\"\n                    },\n                    \"idValue\": null,\n                    \"idCustomField\": \"5dd33554178b596f6471f8b9\",\n                    \"idModel\": \"5dd3358e2b79961a35488378\",\n                    \"modelType\": \"card\"\n                },\n                {\n                    \"id\": \"5dd335ac58d7af7c561270f1\",\n                    \"value\": {\n                        \"text\": \"http://crm2011.go2grop.com/rest/api/2/issue/DEMO-1\"\n                    },\n                    \"idValue\": null,\n                    \"idCustomField\": \"5dd3354aa02617252ecea93d\",\n                    \"idModel\": \"5dd3358e2b79961a35488378\",\n                    \"modelType\": \"card\"\n                },\n                {\n                    \"id\": \"5dd335979cbc7d097e9b13cb\",\n                    \"value\": {\n                        \"text\": \"DEMO-1\"\n                    },\n                    \"idValue\": null,\n                    \"idCustomField\": \"5dd3353eaa17934fb90594eb\",\n                    \"idModel\": \"5dd3358e2b79961a35488378\",\n                    \"modelType\": \"card\"\n                }\n            ]\n        }\n    ]\n}","contentAvailable":true,"statusCode":2}}}},"default":true}]