{"version":null,"displayName":"Trello Adapter","type":"trello","logo":"trello.png","logoSmall":"trello-small.png","metadata":[{"name":"entity","dependent":false,"dependentMetadata":null,"values":[{"id":"card","name":"Card","attributeName":null,"referenceType":null,"dependents":null,"attributes":null,"regex":false}],"apiConfig":{"api":null,"idJsonPath":null,"valueJsonPath":null,"headers":null}},{"name":"board","dependent":false,"dependentMetadata":null,"values":[{"id":"iwglQ1jD","name":"Personal","attributeName":null,"referenceType":null,"dependents":null,"attributes":null,"regex":false},{"id":"i4fQSyPQ","name":"Webinar Test","attributeName":null,"referenceType":null,"dependents":null,"attributes":null,"regex":false},{"id":"HNKJE9Fk","name":"Work","attributeName":null,"referenceType":null,"dependents":null,"attributes":null,"regex":false}],"apiConfig":{"api":"/1/members/me/boards?fields=id%2Cname","idJsonPath":"$[*].id","valueJsonPath":"$[*].name","headers":null}}],"fields":[{"id":"shortUrl","name":"Short URL","datatype":"String","values":null},{"id":"description","name":"Description","datatype":"String","values":null},{"id":"5dd3358357e6280dc247628b","name":"Priority","datatype":"String","values":[{"id":"5dd3358357e6280dc2476290","name":"Highest","attributeName":null,"referenceType":null,"dependents":null,"attributes":null,"regex":false},{"id":"5dd3358357e6280dc247628f","name":"High","attributeName":null,"referenceType":null,"dependents":null,"attributes":null,"regex":false},{"id":"5dd3358357e6280dc247628e","name":"Medium","attributeName":null,"referenceType":null,"dependents":null,"attributes":null,"regex":false},{"id":"5dd3358357e6280dc247628d","name":"Low","attributeName":null,"referenceType":null,"dependents":null,"attributes":null,"regex":false},{"id":"5dd3358357e6280dc247628c","name":"Lowest","attributeName":null,"referenceType":null,"dependents":null,"attributes":null,"regex":false}]},{"id":"dateLastActivity","name":"dateLastActivity","datatype":"Datetime","values":null},{"id":"5dd3353eaa17934fb90594eb","name":"Jira Id","datatype":"String","values":null},{"id":"5dd3354aa02617252ecea93d","name":"Jira URL","datatype":"String","values":null},{"id":"shortLink","name":"Short ID","datatype":"String","values":null},{"id":"url","name":"URL","datatype":"String","values":null},{"id":"due","name":"Due Date","datatype":"String","values":null},{"id":"5dd33554178b596f6471f8b9","name":"Jira Custom Date","datatype":"String","values":null},{"id":"name","name":"Name","datatype":"String","values":null},{"id":"modified","name":"Modified Date","datatype":"String","values":null},{"id":"List","name":"Card List Name","datatype":"String","values":[{"id":"5dd3340ce51d2e1893b8ef7e","name":"To Do","attributeName":null,"referenceType":null,"dependents":null,"attributes":null,"regex":false},{"id":"5dd33410e234b4571de40dbb","name":"In Progress","attributeName":null,"referenceType":null,"dependents":null,"attributes":null,"regex":false},{"id":"5dd33411b25654618abe3370","name":"Done","attributeName":null,"referenceType":null,"dependents":null,"attributes":null,"regex":false}]},{"id":"id","name":"id","datatype":"String","values":null},{"id":"5dd3355df5a3a60897f18d2d","name":"Story Points","datatype":"String","values":null},{"id":"desc","name":"Description2","datatype":"String","values":null}],"loginOptions":[{"name":"token","displayName":"Token","passwordField":true,"required":true}],"idFieldName":"id","titleFieldName":"name","projectFieldName":"board","artifactFieldName":"entity","testStepsFieldName":null,"changedDateFieldName":"dateLastActivity","dateFormat":"yyyy-MM-dd","dateTimeFormat":"yyyy-MM-dd'T'HH:mm:ss.SSS'Z'","queryDateFormat":"yyyy-MM-dd'T'HH:mm:ss.SSS'Z'","queryDateFormatType":"DATE_TIME_FORMAT","iso8601DateFormat":false,"commentFieldName":null,"commentFieldId":null,"attachmentFieldName":null,"attachmentFieldId":null,"apiVersion":null,"callBackUrlConfigured":false,"callBackUrls":null,"apiProvider":"ExternalApplication","applicationType":null,"urlDescription":"","userNameDescription":"","passwordDescription":"","paginationSupported":false,"paginationAttributes":null,"status":"Active","active":true,"commentSyncSupported":false,"attachmentSyncSupported":false,"syncModel":"ReadWrite","availableRestOperations":null,"multiProjectSupported":false,"projectLoginRequired":false,"conjunctionOperator":"","global":true,"tenantList":null}